source,source_type,destination,departure_times,route,distance,fare
web:nashik-to-mumbai-via-thane-shivai-bus-time-table,html,Mumbai Central Via Thane,06:15 am,,190 km,₹299 to ₹405
web:ratnagiri-bus-stand-time-table,html,Akkalkot,"6:00, 17:00, 19:00,","Sakharpa, Malkapur, Kolhapur, Hatkanangale, Jaisingpur, Miraj, Sangola, Pandharpur, Mohol, Solapur",,
web:ratnagiri-bus-stand-time-table,html,Ambajogai,"07:30,","Sakharpa, Malkapur, Kolhapur, Hatkanangale, Jaisingpur, Miraj, Sangola, Pandharpur, Barshi, Yermala, Kalamb",,
web:ratnagiri-bus-stand-time-table,html,Belgaon,"7:00, 11:30, 14:00,",via Kolhapur,,
web:ratnagiri-bus-stand-time-table,html,Bhiwandi via Thane,"07:00,","Sangameshwar, Chiplun, Poladpur, Mahad, Mangaon, Indapur, Kolad, Ramwadi, Panvel, Nerul, Turbhe, Kalwa",,
web:ratnagiri-bus-stand-time-table,html,Borivali,"5:30, 10:00, 18:30, 19:30, 20:00,","Sangameshwar, Chiplun, Poladpur, Mahad, Mangaon, Indapur, Kolad, Ramwadi, Panvel, Nerul, Vashi, Kurla Nehru Nagar, Sion, Bandra, Goregaon, Kandivali",,
web:ratnagiri-bus-stand-time-table,html,Chiplun,"6:15, 6:45, 8:15, 9:30, 10:00, 10:30, 11:30, 12:00, 12:30, 13:15, 13:30, 14:00, 14:30, 15:15, 16:00, 16:30, 17:15, 17:30, 18:00,",via Chiplun,,
web:ratnagiri-bus-stand-time-table,html,Dapoli,"7:00, 13:45, 15:00, 15:30, 17:00,","Sangameshwar, Chiplun, Khed,",,
web:ratnagiri-bus-stand-time-table,html,Devgad,"11:15,",Via Jaitapur,,
web:ratnagiri-bus-stand-time-table,html,Devgad,"12:15, 15:00,","Hatkhamba, Pali, Lanja, Rajapur, Kharepatan, Tarla,",,
web:ratnagiri-bus-stand-time-table,html,Gadhinglaj,"10:00, 12:00,",via Kolhapur,,
web:ratnagiri-bus-stand-time-table,html,Ganapatipule to Miraj,"18:00,",via Kolhapur,,
web:ratnagiri-bus-stand-time-table,html,Ganapatipune to Dapoli,"08:30,",via Chiplun,,
web:ratnagiri-bus-stand-time-table,html,Gargoti,"14:30,","Pali, Nanij, Sakharpa, Malkapur, Kolhapur, Mudhal Tita,",,
web:ratnagiri-bus-stand-time-table,html,Guhagar,"07:45,",via Chiplun,,
web:ratnagiri-bus-stand-time-table,html,Guhagar,"6:45, 11:00, 13:30, 14:45, 14:45, 15:30, 18:15,",–,,
web:ratnagiri-bus-stand-time-table,html,Hubali,"08:30,",via Kolhapur,,
web:ratnagiri-bus-stand-time-table,html,Ichalkaranji,"13:30,",via Kolhapur,,
web:ratnagiri-bus-stand-time-table,html,Ichalkaranji,"15:45,",via Kolhapur,,
web:ratnagiri-bus-stand-time-table,html,Islampur,"13:15,",via Kolhapur,,
web:ratnagiri-bus-stand-time-table,html,Islampur,"13:45,",via Kolhapur,,
web:ratnagiri-bus-stand-time-table,html,Jat,"05:30,","Pali, Nanij, Sakharpa, Malkapur, Kolhapur, Hatkanangale, Jaisingpur, Miraj, Kavthe Mahankal,",,
web:ratnagiri-bus-stand-time-table,html,Kankavali,"10:30,","Hatkhamba, Pali, Lanja, Rajapur, Kharepatan, Tarla,",,
web:ratnagiri-bus-stand-time-table,html,Khed,"13:00, 15:45,",via Chiplun,,
web:ratnagiri-bus-stand-time-table,html,Kolhapur,"6:30, 9:30, 10:30, 13:00, 14:45, 15:30, 16:00, 16:30,","Pali, Nanij, Sakharpa, Malkapur",,
web:ratnagiri-bus-stand-time-table,html,Kudal,"15:15,","Hatkhamba, Pali, Lanja, Rajapur, Kharepatan, Tarla, Kankavali, Kasal, Oros",,
web:ratnagiri-bus-stand-time-table,html,Latur,"08:15,","Pali, Nanij, Sakharpa, Malkapur, Kolhapur, Hatkanangale, Jaisingpur, Miraj, Sangola, Pandharpur, Mohol, Solapur, Tuljapur, Patoda, Ausa",,
web:ratnagiri-bus-stand-time-table,html,Malvan,"8:00, 16:00,",via Pali,,
web:ratnagiri-bus-stand-time-table,html,Malvan,"13:45,","Pawas, Purnagad, Nate, Jaitapur, Devgad, Kunkeshwar, Mithbav",,
web:ratnagiri-bus-stand-time-table,html,Mandangad,"16:15,",via Chiplun,,
web:ratnagiri-bus-stand-time-table,html,Miraj,"07:15, 13:15","Sakharpa, Malkapur, Kolhapur, Hatkanangale, Jaisingpur,",,
web:ratnagiri-bus-stand-time-table,html,Mumbai Central,"6:30, 9:30, 14:45, 21:00,","Sangameshwar, Chiplun, Poladpur, Mahad, Mangaon, Indapur, Kolad, Ramwadi, Panvel, Nerul, Vashi, Kurla Nehru Nagar, Sion, Dadar",,
web:ratnagiri-bus-stand-time-table,html,Nalasopara via Thane,"09:00,","Sangameshwar, Chiplun, Poladpur, Mahad, Mangaon, Indapur, Kolad, Ramwadi, Panvel, Nerul, Turbhe, Thane,",,
web:ratnagiri-bus-stand-time-table,html,Nanded,"12:15,",via Kolhapur,,
web:ratnagiri-bus-stand-time-table,html,Nrusinhwadi (Narsobawadi),"12:30,","Pali, Nanij, Sakharpa, Malkapur, Kolhapur, Hupari, Rendal, Harwad",,
web:ratnagiri-bus-stand-time-table,html,Pune (Vallabh Nagar),"7:45(Shivshahi), 11:15, 20:30(Shivshahi)","Pali, Nanij, Sakharpa, Malkapur, Kokrud, Karad, Umbraj, Satara, Katraj,",,
web:ratnagiri-bus-stand-time-table,html,Pune Railway Station,"6:00, 14:15, 21:00","Pali, Nanij, Sakharpa, Malkapur, Kokrud, Karad, Umbraj, Satara, Katraj,",,
web:ratnagiri-bus-stand-time-table,html,Satara,"14:15,",via Chiplun,,
web:ratnagiri-bus-stand-time-table,html,Sawantwadi,"6:00, 7:00, 17:00,","Hatkhamba, Pali, Lanja, Rajapur, Kharepatan, Tarla, Kankavali, Kasal, Oros, Kudal,",,
web:ratnagiri-bus-stand-time-table,html,Panjim – Goa,"5:15,","Hatkhamba, Pali, Lanja, Rajapur, Kharepatan, Tarla, Kankavali, Kasal, Oros, Kudal, Sawantwadi, Banda, Patradevi, Pernem, Mapusa,",,
web:ratnagiri-bus-stand-time-table,html,Swargate – Pune,"11:00, 17:30","Pali, Nanij, Sakharpa, Malkapur, Kokrud, Karad, Umbraj, Satara, Katraj,",,
web:ratnagiri-bus-stand-time-table,html,Tasgaon,"13:35,",via Kolhapur,,
web:ratnagiri-bus-stand-time-table,html,Tuljapur,"09:15,","Pali, Nanij, Sakharpa, Malkapur, Kolhapur, Hatkanangale, Jaisingpur, Miraj, Sangola, Pandharpur, Barshi, Yermala, Kalamb",,
web:ratnagiri-bus-stand-time-table,html,Vasai,"07:30,","Sangameshwar, Chiplun, Poladpur, Mahad, Mangaon, Indapur, Kolad, Ramwadi, Panvel, Nerul, Turbhe, Thane, Ghodbandar",,
web:ratnagiri-bus-stand-time-table,html,Vengurla,"13:45,","Hatkhamba, Pali, Lanja, Rajapur, Kharepatan, Tarla, Kankavali, Kasal, Oros, Kudal",,
web:ratnagiri-bus-stand-time-table,html,Vijapur,"08:00,",via Kolhapur,,
web:ratnagiri-bus-stand-time-table,html,Vijapur,"17:45,",via Kolhapur,,
web:ratnagiri-bus-stand-time-table,html,Vijaydurg,"9:45, 13:15,",via Jaitapur,,
web:ratnagiri-bus-stand-time-table,html,Vitthalwadi,"08:00,","Sangameshwar, Chiplun, Poladpur, Mahad, Mangaon, Indapur, Kolad, Ramwadi, Panvel, Dombivali, Kalyan",,
web:ratnagiri-bus-stand-time-table,html,Ganpatipule,"9:15, 11:30, 12:15, 13:00, 12:15, 13:00, 13:30, 15:15, 18:30, 19:15, 19:30,",–,,
web:ratnagiri-bus-stand-time-table,html,Ganpatipule via Aare Ware,"7:15, 11:15, 12:00, 16:15, 18:15,",Aare Ware,,
web:ratnagiri-bus-stand-time-table,html,Jaigad via Ganpatipule,"5:45, 8:00, 9:00, 11:30, 12:30, 14:00, 14:30, 15:30, 17:30,",Ganpatipule,,
web:ratnagiri-bus-stand-time-table,html,Devrukh via Pangri,"6:15,7:00, 7:30, 8:00, 8:30, 9:30, 9:45, 10:00, 10:30, 10:45, 11:00, 11:30, 11:45, 12:00, 12:15, 12:30, 13:00, 13:30, 14:00, 14:30, 15:00, 15:30, 16:00, 16:30, 17:00, 17:15, 17:30, 18:00, 18:15, 19:00, 19:30, 20:00",Pangri,,
web:ratnagiri-bus-stand-time-table,html,Devrukh via Sangve,"9:45, 17:15",Sangve,,
web:ratnagiri-bus-stand-time-table,html,Devrukh via Talekante,"8:15, 13:00, 16:15",Talekante,,
web:ratnagiri-bus-stand-time-table,html,Warvade via Ganpatipule,"10:15, 13:30, 10:15, 15:15, 18:30",Ganpatipule,,
web:ratnagiri-bus-stand-time-table,html,Kotwade via Jambharun,"7:00, 8:45, 13:00, 15:45, 18:45,",–,,
web:ratnagiri-bus-stand-time-table,html,Jakadevi,"8:15, 14:!5,",–,,
web:ratnagiri-bus-stand-time-table,html,Kharvate,"8:00, 12:00, 18:00",–,,
web:ratnagiri-bus-stand-time-table,html,Nivali,"8:15, 12:45,",–,,
web:ratnagiri-bus-stand-time-table,html,Jambhari,"11:30, 17:00, 17:30, 18:00",–,,
web:ratnagiri-bus-stand-time-table,html,Dhamanse,19:00,–,,
web:ratnagiri-bus-stand-time-table,html,Ril,14:45,–,,
web:ratnagiri-bus-stand-time-table,html,Chave Deud,14:45,–,,
web:ratnagiri-bus-stand-time-table,html,Saitwade,"7:00, 12:00",–,,
web:ratnagiri-bus-stand-time-table,html,Khandala,"13:00, 13:30, 18:30",–,,
web:ratnagiri-bus-stand-time-table,html,Nevendi,13:15,–,,
web:ratnagiri-bus-stand-time-table,html,Kurtade,"7:15, 14:15, 18:30",Kajarghati,,
web:ratnagiri-bus-stand-time-table,html,Oshi,"7:45, 13:45",Kajarghati,,
web:ratnagiri-bus-stand-time-table,html,Bhatkar Kond,8:30,Kajarghati,,
web:ratnagiri-bus-stand-time-table,html,Mandavkarwadi,"9:00, 17:00, 18:45",Kajarghati,,
web:ratnagiri-bus-stand-time-table,html,Kurtade Mandavkarwadi,"9:15, 16:00",Kajarghati,,
web:ratnagiri-bus-stand-time-table,html,Someshwar Chandor,"9:30, 15:45, 18:00",Kajarghati,,
web:ratnagiri-bus-stand-time-table,html,Kurtade Chandor,12:30,Kajarghati,,
web:ratnagiri-bus-stand-time-table,html,Aagave,"13:15,",Pawas,,
web:ratnagiri-bus-stand-time-table,html,Agave Kot,18:15,Pawas,,
web:ratnagiri-bus-stand-time-table,html,Ambolgad,"7:30, 12:45, 15:30, 17:30",Pawas,,
web:ratnagiri-bus-stand-time-table,html,Ansure,16:45,Pawas,,
web:ratnagiri-bus-stand-time-table,html,Bhade,"12:30, 17:30",Pawas,,
web:ratnagiri-bus-stand-time-table,html,Dabhil Ambere,"9:00, 10:15, 15:30,",Pawas,,
web:ratnagiri-bus-stand-time-table,html,Dabhilwadi,"9:45,",Pawas,,
web:ratnagiri-bus-stand-time-table,html,Devachegothane,4:45,Pawas,,
web:ratnagiri-bus-stand-time-table,html,Gavkhadi,"10:00, 11:00, 17:00, 20:30",Pawas,,
web:ratnagiri-bus-stand-time-table,html,Guravwadi,"8:30, 19:30",Pawas,,
web:ratnagiri-bus-stand-time-table,html,Harche,"7:45, 13:15,",Pawas,,
web:ratnagiri-bus-stand-time-table,html,Harche Beni,"5:45, 7:20, 18:30",Pawas,,
web:ratnagiri-bus-stand-time-table,html,Harche Beni Mal,15:50,Pawas,,
web:ratnagiri-bus-stand-time-table,html,Kunkeshwar,"7:00,",Pawas,,
web:ratnagiri-bus-stand-time-table,html,Kunkeshwar Bhade,15:00,Pawas,,
web:ratnagiri-bus-stand-time-table,html,Lanja – Satavali,"9:45, 11:30",Pawas,,
web:ratnagiri-bus-stand-time-table,html,Nakhare,"7:10, 9:15, 10:15, 11:15, 11:30, 16:30, 19:15,",Pawas,,
web:ratnagiri-bus-stand-time-table,html,Nate,"6:30,8:15, 10:30, 12:10, 14:30, 15:00, 16:00,",Pawas,,
web:ratnagiri-bus-stand-time-table,html,Nirul,"11:30,",Pawas,,
web:ratnagiri-bus-stand-time-table,html,Purnagad,"7:45, 20:00",Pawas,,
web:ratnagiri-bus-stand-time-table,html,Rajapur,6:00,Pawas,,
web:ratnagiri-bus-stand-time-table,html,Waghrat,13:00,Pawas,,
web:ratnagiri-bus-stand-time-table,html,Bhoke,"6:00, 8:20, 9:15, 10:15, 12:30, 16:15",–,,
web:ratnagiri-bus-stand-time-table,html,Fungus,"6:15, 16:00",–,,
web:ratnagiri-bus-stand-time-table,html,Kajarekond,"9:00, 15:00, 18:30",–,,
web:ratnagiri-bus-stand-time-table,html,Kapadgaon,"6:30, 10:30",–,,
web:ratnagiri-bus-stand-time-table,html,Karbude,"7:45, 13:00, 16:00, 18:15",–,,
web:ratnagiri-bus-stand-time-table,html,Lajul,"5:45, 8:30, 12:15",–,,
web:ratnagiri-bus-stand-time-table,html,Malapwadi,7:15,–,,
web:ratnagiri-bus-stand-time-table,html,Ozharwadi,"7:45, 9:30, 16:10",–,,
web:ratnagiri-bus-stand-time-table,html,Pali,"10:30, 17:15, 18:45",–,,
web:ratnagiri-bus-stand-time-table,html,Panval,"6:30, 7:45, 9:15, 10:30, 14:00, 16:00, 18:10",–,,
web:ratnagiri-bus-stand-time-table,html,Ringichiwadi,"7:00, 9:10, 11:00, 13:00, 16:15, 18:30, 19:30",–,,
web:ratnagiri-bus-stand-time-table,html,Vakiwadi,"9:20, 16:30",–,,
web:ratnagiri-bus-stand-time-table,html,Velvand,"6:30, 8:30, 11:30, 13:00, 16:45, 18:30",–,,
web:ratnagiri-bus-stand-time-table,html,Vetoshi,"7:30, 13:00, 18:15",–,,
web:ratnagiri-bus-stand-time-table,html,Zharewadi,"5:45, 7:00, 9:30, 14:00, 18:15",–,,
web:mumbai-to-nashik-via-thane-shivai-bus-time-table,html,Nashik Via Thane,13:00,,184 km,₹328 to ₹472
web:mumbai-to-tuljapur-bus-time-table,html,Tuljapur,"07:00 AM, 07:00 PM",,438 km,₹580 to ₹650
web:mumbai-to-shirala-bus-timetable,html,Shirala,06:30 AM,,343 km,₹693
web:borivali-to-ganpatipule-bus-timetable,html,Ganpatipule,09:00 PM,"Dadar, Vashi, Panvel, Pen, Ratnagiri",365 km,₹600 to ₹700
web:dhule-to-mumbai-bus-timetable,html,Mumbai Central,"8:15 AM, 9:00 AM, 9:30 PM, 11:00 PM","Malegaon, Nashik, Shahapur, Bhiwandi, Kalyan Bypass, Thane, Kurla, Sion, Dadar",346 km,"₹690 to ₹1,000"
web:mumbai-central-bus-stand-time-table,html,Ade Utambar,"5:00, 11:00, 22:00","Mahad, Chiplun",,
web:mumbai-central-bus-stand-time-table,html,Ahmednagar,"8:30, 23:30",–,,
web:mumbai-central-bus-stand-time-table,html,Alibag,"9:30, 10:00, 17:15","Dadar, Sion, Kurla, Nerul, Panvel",,
web:mumbai-central-bus-stand-time-table,html,Alibag – Shivshahi,18:30,Panvel,,
web:mumbai-central-bus-stand-time-table,html,Amalner,09:30,"Kurla, Thane CBS, Bhiwandi, Malegaon, Dhule",,
web:mumbai-central-bus-stand-time-table,html,Anjarla,21:30,Mangaon,,
web:mumbai-central-bus-stand-time-table,html,Atpadi,05:00,"Pune, Indapur",,
web:mumbai-central-bus-stand-time-table,html,Baramati,"5:45, 22:00","Pune, Indapur",,
web:mumbai-central-bus-stand-time-table,html,Barshi,"7:00, 8:30",Pune,,
web:mumbai-central-bus-stand-time-table,html,"Beed, Ashti","5:45, 18:15, 20:30 Seater Sleeper",Ahmednagar,,
web:mumbai-central-bus-stand-time-table,html,Belgaon,07:30,Satara,,
web:mumbai-central-bus-stand-time-table,html,Bhoom,"9:30, 22:45",–,,
web:mumbai-central-bus-stand-time-table,html,Borli,11:00,Mangaon,,
web:mumbai-central-bus-stand-time-table,html,Chatrapati Sambhaji Nagar (Aurangabad),19:00,"Dadar, Thane CBS, Nashik, Gangapur",,
web:mumbai-central-bus-stand-time-table,html,Chikhali,15:45,Nashik,,
web:mumbai-central-bus-stand-time-table,html,Chiplun,"6:00, 10:00, 14:30, 16:00","Dadar, Sion, Kurla, Nerul, Panvel, Mahad, Khed",,
web:mumbai-central-bus-stand-time-table,html,Chiplun – Shivshahi,"11:00, 22:00","Dadar, Sion, Kurla, Nerul, Panvel, Mahad, Khed",,
web:mumbai-central-bus-stand-time-table,html,Dabhol,"6:30, 20:30",Mangaon,,
web:mumbai-central-bus-stand-time-table,html,Dahivadi,07:00,Satara,,
web:mumbai-central-bus-stand-time-table,html,Dandnagari,23:00,Mangaon,,
web:mumbai-central-bus-stand-time-table,html,Dapoli,15:30,"Mahad, Chiplun",,
web:mumbai-central-bus-stand-time-table,html,Dapoli,22:30,Mangaon,,
web:mumbai-central-bus-stand-time-table,html,Devali,01:00,Mangaon,,
web:mumbai-central-bus-stand-time-table,html,Dighi,"13:00, 22:00",Mangaon,,
web:mumbai-central-bus-stand-time-table,html,Dodawali,23:30,"Mahad, Chiplun",,
web:mumbai-central-bus-stand-time-table,html,Fhalekewadi,23:30,"Mahad, Chiplun",,
web:mumbai-central-bus-stand-time-table,html,Fauji Ambawade,06:15,"Mahad, Chiplun",,
web:mumbai-central-bus-stand-time-table,html,Fauji Ambawade – Baglewadi,13:30,"Mahad, Chiplun",,
web:mumbai-central-bus-stand-time-table,html,Gevrai,"5:30, 7:00, 20:00 Seater Sleeper",Ahmednagar,,
web:mumbai-central-bus-stand-time-table,html,Gherdi,05:30,"Pune, Indapur",,
web:mumbai-central-bus-stand-time-table,html,Guhagar,"6:45, 21:00","Dadar, Sion, Kurla, Nerul, Panvel, Mahad, Chiplun",,
web:mumbai-central-bus-stand-time-table,html,Guhagar,21:00,"Mahad, Chiplun",,
web:mumbai-central-bus-stand-time-table,html,Hubali,05:30,Satara,,
web:mumbai-central-bus-stand-time-table,html,Ichalkaranji,09:00,Satara,,
web:mumbai-central-bus-stand-time-table,html,Islampur,"7:00, 21:30",Satara,,
web:mumbai-central-bus-stand-time-table,html,Jalgaon – Seater Sleeper,18:00,"Kurla, Thane CBS, Bhiwandi, Malegaon, Dhule, Parola, Erandol",,
web:mumbai-central-bus-stand-time-table,html,Jamkhed,05:30,Ahmednagar,,
web:mumbai-central-bus-stand-time-table,html,Jamkhandi,06:15,Satara,,
web:mumbai-central-bus-stand-time-table,html,Junnar,07:00,Kalyan,,
web:mumbai-central-bus-stand-time-table,html,Junnar,23:00,Lonavala,,
web:mumbai-central-bus-stand-time-table,html,Kalamb,17:00,Ahmednagar,,
web:mumbai-central-bus-stand-time-table,html,Karad,"8:45, 14:00, 22:15",Satara,,
web:mumbai-central-bus-stand-time-table,html,Karmala,05:15,"Pune, Indapur",,
web:mumbai-central-bus-stand-time-table,html,Karmala,"10:45, 21:45",Pune,,
web:mumbai-central-bus-stand-time-table,html,Khed,"7:00, 14:00, 16:30, 23:45","Mahad, Chiplun",,
web:mumbai-central-bus-stand-time-table,html,Khed Panhalage,22:30,"Mahad, Chiplun",,
web:mumbai-central-bus-stand-time-table,html,Kolhapur,8:45,Satara,,
web:mumbai-central-bus-stand-time-table,html,Kopargaon via Shirdi,05:15,"Dadar, Kurla, Thane CBS, Nashik Mahamarg, Sinnar, Shirdi",,
web:mumbai-central-bus-stand-time-table,html,Mahabaleshwar,"5:00, 22:30","Parel, Sion, Kurla Nehru Nagar, Panvel, Mahad, Chiplun, Poladpur",,
web:mumbai-central-bus-stand-time-table,html,Mahabaleshwar via Pune,"6:00, 21:30","Panvel, Swargate Pune, Wai, Pachgani, Venna Lake",,
web:mumbai-central-bus-stand-time-table,html,Mahad,12:15,"Mahad, Chiplun",,
web:mumbai-central-bus-stand-time-table,html,Mahad – Asiad,10:00,"Indapur, Mangaon",,
web:mumbai-central-bus-stand-time-table,html,Mahad – Shivshahi,"10:15, 11:30, 12:15","Indapur, Mangaon",,
web:mumbai-central-bus-stand-time-table,html,Majalgaon,17:30,Ahmednagar,,
web:mumbai-central-bus-stand-time-table,html,Manchar,14:30,Lonavala,,
web:mumbai-central-bus-stand-time-table,html,Medha,22:00,Satara,,
web:mumbai-central-bus-stand-time-table,html,Miraj,"8:00, 21:00",Satara,,
web:mumbai-central-bus-stand-time-table,html,Murud,"1:00, 6:00, 7:45, 9:00, 10:45, 11:45, 13:00, 14:00, 16:00, 18:00, 22:15","Dadar, Sion, Kurla, Nerul, Panvel, Alibag, Akshi, Nagav, Chaul Naka, Ravdanda, Kashid",,
web:mumbai-central-bus-stand-time-table,html,Murud via Roha,00:30,Panvel,,
web:mumbai-central-bus-stand-time-table,html,Narayangaon,"6:15, 13:30, 22:00",Lonavala,,
web:mumbai-central-bus-stand-time-table,html,Narayangaon Bori,07:00,Lonavala,,
web:mumbai-central-bus-stand-time-table,html,Nashik,"13:30, 14:30, 17:00",Nashik,,
web:mumbai-central-bus-stand-time-table,html,Nandurbar,"7:30, 20:30",Nashik,,
web:mumbai-central-bus-stand-time-table,html,Pachagani,05:45,"Parel, Sion, Kurla Nehru Nagar, Panvel, Mahad, Chiplun, Mahabaleshwar, Poladpur",,
web:mumbai-central-bus-stand-time-table,html,Paithan,"6:30, 17:45 Seater Sleeper",Ahmednagar,,
web:mumbai-central-bus-stand-time-table,html,Panchgani,05:45,"Mahad, Chiplun",,
web:mumbai-central-bus-stand-time-table,html,Pandharpur,"6:00, 7:00 Asiad, 19:00, 21:00 Sleeper","Pune, Indapur",,
web:mumbai-central-bus-stand-time-table,html,Parner,"6:30, 22:30",Lonavala,,
web:mumbai-central-bus-stand-time-table,html,Patan,05:00,Satara,,
web:mumbai-central-bus-stand-time-table,html,Pathardi,"6:45, 21:15",Ahmednagar,,
web:mumbai-central-bus-stand-time-table,html,Phaltan,"5:30, 22:30","Pune, Indapur",,
web:mumbai-central-bus-stand-time-table,html,Pimploli,09:30,Mangaon,,
web:mumbai-central-bus-stand-time-table,html,Pusad,15:30,Nashik,,
web:mumbai-central-bus-stand-time-table,html,Rajapur,"5:30, 17:30","Dadar, Sion, Kurla, Nerul, Panvel, Mahad, Chiplun, Pali, Lanja",,
web:mumbai-central-bus-stand-time-table,html,Ratnagiri,"7:30, 21:45","Mahad, Chiplun",,
web:mumbai-central-bus-stand-time-table,html,Sade Mandangad,00:15,"Mahad, Chiplun",,
web:mumbai-central-bus-stand-time-table,html,Sangli,"8:30, 9:30",Satara,,
web:mumbai-central-bus-stand-time-table,html,Satara – Shivshahi,"6:00, 7:00, 8:00, 10:00, 11:00, 12:00, 13:00, 14:00, 15:00, 15:30, 16:00, 17:00, 18:00, 19:00, 20:00, 21:00, 23:00, 24:00","Mahad, Chiplun",,
web:mumbai-central-bus-stand-time-table,html,Shahada,"8:00, 20:00","Kurla, Thane CBS, Bhiwandi, Dhule, Devpur, Dondaicha, Sarang Kheda",,
web:mumbai-central-bus-stand-time-table,html,Shevgaon,"6:00, 22:15",Ahmednagar,,
web:mumbai-central-bus-stand-time-table,html,Shirala,06:30,Satara,,
web:mumbai-central-bus-stand-time-table,html,Shirdi,05:15,"Nashik, Sinnar",,
web:mumbai-central-bus-stand-time-table,html,Shrivardhan,"9:15, 15:30, 17:00, 23:30",Mangaon,,
web:mumbai-central-bus-stand-time-table,html,Shrivardhan – Bagmandla,"4:45, 22:15",Mangaon,,
web:mumbai-central-bus-stand-time-table,html,Solapur,"8:00, 10:00",Pune,,
web:mumbai-central-bus-stand-time-table,html,Tala Rovala,22:30,Panvel,,
web:mumbai-central-bus-stand-time-table,html,Tavsal,23:00,"Mahad, Chiplun",,
web:mumbai-central-bus-stand-time-table,html,Trimbakeshwar,"6:00, 10:15, 23:15","Dadar, Sion, Kurla, Thane CBS, Nashik CBS",,
web:mumbai-central-bus-stand-time-table,html,Tuljapur,"7:00, 19:00","Pune, Indapur",,
web:mumbai-central-bus-stand-time-table,html,Udgir,16:30,"Dadar, Kurla, Panvel, Swargate, Indapur, Kurduwadi, Barshi, Latur, Lohara",,
web:mumbai-central-bus-stand-time-table,html,Umarga / Omerga,16:00 Sleeper,Pune,,
web:mumbai-central-bus-stand-time-table,html,Vaduj,06:45,Pune,,
web:mumbai-central-bus-stand-time-table,html,Vai,"14:00, 15:00",Pune,,
web:mumbai-central-bus-stand-time-table,html,Velas,"00:30, 12:30","Mahad, Chiplun",,
web:mumbai-central-bus-stand-time-table,html,Vijapur,08:15,Satara,,
web:mumbai-central-bus-stand-time-table,html,Vijaydurg,18:00,"Mahad, Chiplun",,
web:mumbai-central-bus-stand-time-table,html,Vita,07:45,Satara,,
web:swargate-bus-stand-time-table,html,Baramati – Non Stop,"6:00 to 22:00 on Every 30 Minutes,",–,,
web:swargate-bus-stand-time-table,html,Borivali (Hirkani),"6:00, 7:00, 8:00, 9:00, 10:00, 11:00, 14:00, 15:00, 16:00, 17:00, 18:00, 19:00,","Nerul, Vashi Highway, Maitri Park, Sio Jogeshwari, Malad, Kandivali",,
web:swargate-bus-stand-time-table,html,Borivali (Shivneri),"5:30, 6:00, 6:30, 7:00, 12:30, 13:00, 13:30, 14:00, 16:00, 17:30, 18:30, 19:00,","Nerul, Vashi Highway, Maitri Park, Sio Jogeshwari, Malad, Kandivali",,
web:swargate-bus-stand-time-table,html,Dadar (Shivneri),"5:30 to 22:00 on Every 30 Minutes,",–,,
web:swargate-bus-stand-time-table,html,Kalyan (Shivshahi),"5:45, 6:15, 6:45, 7:45, 8:15, 9:45, 10:15, 11:15 11:45, 12:45, 13:45, 14:45, 15:15, 15:45, 16:15, 17:45, 18:15, 18:45, 19:45, 20:15, 20:45, 21:45, 22:15, 22:45,",Panvel,,
web:swargate-bus-stand-time-table,html,Kolhapur (AC Electric Shivai),"05:30, 06:30, 07:30, 08:30, 14:00, 15:00, 16:00, 17:00, 18:00, 19:00,","Katraj, Wathar",,
web:swargate-bus-stand-time-table,html,Kolhapur (AC-JAN Shivneri),"08:00, 09:00, 10:00, 11:00, 11:30, 12:00, 12:30, 13:00, 13:30, 14:30, 15:30, 16:30, 17:30, 18:30, 19:30, 20:00, 20:30, 21:30, 22:00, 22:30,","Katraj, Wathar",,
web:swargate-bus-stand-time-table,html,Kolhapur (Shivshahi),"5:00, 6:00, 6:30, 8:30, 12:00, 13:30, 14:50, 15:00, 16:00,","Pethnaka, Wathar",,
web:swargate-bus-stand-time-table,html,Miraj (Shivshahi),"6:00 to 19:00 on Every 1Hr, 22:30,",–,,
web:swargate-bus-stand-time-table,html,Mumbai Central (Hirkani) Vina Vahak,"5:45, 6:45, 7:30,","Vashi Highway, Mankhurd, Maitri Park Kurla Nehru Nagar, Sion, Dadar, Parel",,
web:swargate-bus-stand-time-table,html,Sangli (Shivshahi) Non Stop,"5:30 to 18:30 on Every 1Hr 23:30,",–,,
web:swargate-bus-stand-time-table,html,Satara – Non Stop,"5:30 – Electric Shivai 6:00 to 20:30 on Every 30 Minutes,",–,,
web:swargate-bus-stand-time-table,html,Thane (Hirkani) Vina Vahak,"6:15, 7:15, 11:15, 12:15, 13:15, 13:45, 14:15, 16:15, 19:15, 20:15, 21:15,",–,,
web:swargate-bus-stand-time-table,html,Thane (Shivneri),"6:00 to 22:00 on Every 30 Minutes,","Kalamboli, Nerul, Turbhe, Airoli, Capgemini Knowledge Park, Kalwa",,
web:swargate-bus-stand-time-table,html,Ahmadpur,"7:00, 9:15,","Yavat, Kurkumbh, Bhigvan, Indapur, Tembhurni, Modlimb, Mohol, Solapur, Tuljapur, Patoda, Ausa, Latur, Chakur, Shirur Tajband",,
web:swargate-bus-stand-time-table,html,Ajara,"9:15, 22:00,","Satara, Umbraj, Karad, Kolhapur, Kaga Nippani, Uttur",,
web:swargate-bus-stand-time-table,html,Akkalkot,"05:00, 06:00, 07:00, 08:00, 08:30, 09:00, 09:45, 10:00, 11:00, 12:00, 13:00, 14:00, 15:00, 16:00, 18:00, 21:00, 22:00, 23:00, 24:00,","Indapur, Tembhurni, Mohol, Solapur",,
web:swargate-bus-stand-time-table,html,Akluj,"2:30, 7:00, 10:00, 1K1:15, 12:30, 16:00, 18:00, 22:30,","Yavat, Kurkumbh, Bhigvan, Indapur",,
web:swargate-bus-stand-time-table,html,Alibag,"1:00, 5:30, 6:00, 7:30, 8:30, 9:30, 11:30, 12:15,","Chinchwad, Nigadi, Dehu Road, Lonav Khopoli Fata, Pen, Wadkhal, Poynad,",,
web:swargate-bus-stand-time-table,html,Ambajogai Parali,"10:30, 23:00,","Kurkumbh, Indapur, Tembhurni, Barsh Yermala, Kalamb, Ambajogai",,
web:swargate-bus-stand-time-table,html,Arnala,"5:30, 13:45, 15:35, 16:15, 22:30, 23:30,","Panvel, Thane",,
web:swargate-bus-stand-time-table,html,Ashti,"12:30, 14:30,",–,,
web:swargate-bus-stand-time-table,html,Atpadi,"11:30, 15:30,",–,,
web:swargate-bus-stand-time-table,html,Aurad,"6:00, 8:00,","Kurkumbh, Bhigvan, Tembhurni, Moho Solapur, Tuljapur, Patoda, Ausa, Nilang",,
web:swargate-bus-stand-time-table,html,Baramati,"2:30, 6:00, 7:00, 9:00, 9:15, 9:45, 10:15, 11:30, 13:00, 14:00, 18:15, 19:00, 21:00, 22:00,","Hadapsar, Saswad, Jejuri, Morgaon Ganapati",,
web:swargate-bus-stand-time-table,html,Baramati Murum,"16:45,",–,,
web:swargate-bus-stand-time-table,html,Barshi,"06:15, 06:45, 07:00, 07:15, 07:45, 08:00, 08:15, 08:30, 08:45, 09:00, 09:30, 10:30, 10:45, 11:15, 11:15, 12:00, 12:15, 12:30, 13:00, 14:00, 14:15, 15:15, 16:30, 17:15, 18:00, ,","Yavat, Kurkumbh, Bhigvan, Indapur, Tembhurni, Kurduwadi, Shindre Railway Station",,
web:swargate-bus-stand-time-table,html,Beed,"9:30, 10:30,","Daund, Shrigaonda, Karjat, Patoda, Jamkhed",,
web:swargate-bus-stand-time-table,html,Belgaon / Belgaum,"8:00, 9:00, 10:15, 11:15, 23:30,","Kolhapur, Nipani, Sankeshwar",,
web:swargate-bus-stand-time-table,html,Bhayandar,"14:15,",–,,
web:swargate-bus-stand-time-table,html,Bhiwandi,"00:30, 1:45, 7:00, 10:00, 11:00, 11:30, 12:45, 13:00, 17:00,","Panvel, Thane / Kalyan",,
web:swargate-bus-stand-time-table,html,Bhoom,"7:00, 7:30, 8:15 via Ambhi, 9:15 via Bhogalgaon, 11:30,","Kurkumbh, Rashin, Karmala,",,
web:swargate-bus-stand-time-table,html,Bhor,"4:30, 5:30, 6:00, 6:45, 7:45, 8:00, 8:30, 9:15, 9:45, 10:15, 10:45, 11:00, 11:30, 12:00, 13:00, 13:30, 14:30, 15:30, 16:00, 17:00, 17:45, 18:30, 19:15, 20:15, 21:15, 22:30, 24:00,","Katraj, Gogalwadi, Bormal, Malvadi",,
web:swargate-bus-stand-time-table,html,Bhor – Non Stop,"8:00, 9:00, 10:00, 11:00, 12:00, 13:00, 13:30, 14:00, 14:30, 15:00, 15:30, 16:30, 17:30, 18:30, 19:00, 20:00,",–,,
web:swargate-bus-stand-time-table,html,Bidar,"6:30, 7:30,","Indapur, Tembhurni, Mohol, Solapur, Naldurg, Jalkot, Umarga, Baswakalyan Bhalki",,
web:swargate-bus-stand-time-table,html,Boisar,"1:00, 6:15(Shivshahi), 7:30, 11:30, 12:15, 17:15 (Sleeper Seater), 18:45 (Shivshahi) 19:00(Sleeper Seater)","Chandani Chowk, Wakad, Panvel, Neru Turbhe, Thane Railway Station, Kapurbawdi, Varsova, Chinchoti, Vasai Fata, Nalasopara Fata, Virar Fata, Manor, Palghar, Umaroli",,
web:swargate-bus-stand-time-table,html,Borivali,"00:30, 01:00, 1:30, 3:30, 9:15, 10:15, 11:15, 11:45, 12:15, 13:15, 14:45, 15:15, 15:45, 16:15, 16:45, 17:15, 17:45, 20:30, 21:30, 22:30,","Panvel, Sion",,
web:swargate-bus-stand-time-table,html,Chandgad,"08:15,",–,,
web:swargate-bus-stand-time-table,html,Chiplun,"6:15, 7:15, 10:15, 12:15, 14:45, 22:30, 23:15,",via Satara,,
web:swargate-bus-stand-time-table,html,Dahanu,"11:15,","Panvel, Thane, Bhiwadi, Ambadi, Kudus, Wada, Vikramgad, Kasa",,
web:swargate-bus-stand-time-table,html,Dapoli,"7:00 Shivshahi, 7:45, 13:15, 13:30, 21:00 Sleeper,","Vanaj, Pirangut Ghat, Paud, Mulshi, Tamhini, Mangaon, Lonere, Mahad, Latvan",,
web:swargate-bus-stand-time-table,html,Devgad,"6:15, 20:45,",via Satara,,
web:swargate-bus-stand-time-table,html,Devrukh,"9:15, 21:15,",via Satara,,
web:swargate-bus-stand-time-table,html,Dharashiv,"00:30, 08:15, 09:15, 10:15, 11:30, 12:00, 13:00, 13:15, 14:30, 16:45, 18:00, 22:00, 23:00,","Kurkumbh, Indapur, Tembhurni, Barsh",,
web:swargate-bus-stand-time-table,html,Dhisar,"7:00, 16:45,",–,,
web:swargate-bus-stand-time-table,html,Dighanchi Atpadi,"11:30,",–,,
web:swargate-bus-stand-time-table,html,Diveagar,"12:30,",–,,
web:swargate-bus-stand-time-table,html,Gadhinglaj,"8:15, 14:45, 15:45, 16:45,",–,,
web:swargate-bus-stand-time-table,html,Ganapatipule,"08:30,",Jakadevi Mandir,,
web:swargate-bus-stand-time-table,html,Gangapur – Karnataka,"8:30, 9:15",via Solapur and via Pandharpur,,
web:swargate-bus-stand-time-table,html,Gargoti,"10:00, 11:00, 11:30, 12:00, 12:30, 13:30, 15:30, 16:00, 16:30, 23:30,",–,,
web:swargate-bus-stand-time-table,html,Gherdi,"10:15,",–,,
web:swargate-bus-stand-time-table,html,Ghol,"16:00,",–,,
web:swargate-bus-stand-time-table,html,Gondwale,"00:30, 7:15, 9:45, 11:30, 12:00, 12:30, 13:00, 13:30, 14:15, 15:15, 16:30,","Saswad, Jejuri, Nira, Lonand, Phaltan, Dahiwadi",,
web:swargate-bus-stand-time-table,html,Guhagar,"7:00, 8:15, 21:00, 21:30, 22:30,","Satara, Umbraj, Patan, Koyananagar, Chiplun, Pachad, Karul Fata",,
web:swargate-bus-stand-time-table,html,Gulbarga,"9:00, 10:00,","Indapur, Tembhurni, Mohol, Solapur, Akkalkot, Kadganchi",,
web:swargate-bus-stand-time-table,html,Hubali,"8:00, 9:00,",–,,
web:swargate-bus-stand-time-table,html,Hyderabad,"08:00,","Indapur, Tembhurni, Mohol, Solapur, Naldurg, Jalkot, Umarga, Humnabad, Zahirabad, Lingampalli,",,
web:swargate-bus-stand-time-table,html,Ichalkaranji,"07:15, 09:15, 10:15, 11:15, 12:45, 13:00, 14:00, 15:15, 17:30,","Katraj, Satara, Karad, Kasegaon, Path Naka, Wathar, Vadegaon, Hatkanangale",,
web:swargate-bus-stand-time-table,html,Jamkhandi,"5:30, 11:00,",–,,
web:swargate-bus-stand-time-table,html,Jamkhed,"5:45, 6:45, 7:45, 8:30, 9:30, 10:30, 12:00, 13:00, 14:00,","Shrigonda, Karjat,",,
web:swargate-bus-stand-time-table,html,Jat,"6:45, 7:00, 8:30, 9:30, 11:15, 12:15, 22:30, 24:00,","Satara, Karad, Kadegaon, Kadepur, Vit Khanapur, Nagaj,",,
web:swargate-bus-stand-time-table,html,Jawhar,"7:00, 11:30,","Nigadi, Lonavala, Panvel, Dombivali, Kalyan, Bhiwandi, Ambadi, Kudus, Wada, Vikramgad",,
web:swargate-bus-stand-time-table,html,Jyotiba,"7:45, 15:45,","Satara, Karad, Kolhapur",,
web:swargate-bus-stand-time-table,html,Kalamb,"8:15, 8:45, 9:30, 10:30, 12:30, 22:15, 23:00,","Kurkumbh, Indapur, Tembhurni, Barshi, Yermala",,
web:swargate-bus-stand-time-table,html,Kalyan (Shivshahi),"7:00, 11:30, 13:00, 13:15, 16:00, 16:30, 18:30, 22:30,",Panvel,,
web:swargate-bus-stand-time-table,html,Karad – Non Stop,"9:30, 10:30, 11:30, 12:30, 13:30, 14:30, 15:30, 16:30, 17:30, 18:30, 19:30, 20:30,",–,,
web:swargate-bus-stand-time-table,html,Karjagi Mashal,"21:00,",–,,
web:swargate-bus-stand-time-table,html,Karmala,"2:30, 5:30, 5:45, 6:00, 6:30, 7:00, 7:30, 7:45, 8:00, 8:15, 8:30, 8:45, 9:15, 11:00, 12:00, 12:30, 13:15, 14:00, 14:30, 15:15, 16:15, 18:15,","Hadapsar, Loni, Urali Kanchan, Yavat, Kurkumbh,",,
web:swargate-bus-stand-time-table,html,Kavthe Mahankal,"6:45, 7:45, 8:30, 9:15, 12:15, 13:45, 14:45, 15:45,","Satara, Karad, Kasegaon, Islampur, Sangli, Miraj,",,
web:swargate-bus-stand-time-table,html,Khed,"6:30, 7:45, 8:30, 9:50, 12:00, 15:30, 17:15, 21:30, 22:30, 23:30,","Route 1: Pirangut, Mulshi, Tamhini, Mangaon, Lonere, Mahad, Poladpur, Bharna Nak Route 2: Katraj, Pargaon Khandala, Wa Panchgani, Mahabaleshwar, Poladpur",,
web:swargate-bus-stand-time-table,html,Koregaon,"7:15, 9:00, 9:30, 10:00, 10:45, 11:15, 12:15, 12:45, 13:30, 15:45,",–,,
web:swargate-bus-stand-time-table,html,Kudal,"06:30,","Satara, Karad, Kolhapur, Radhanagari, Phonda, Kankavali, Oros",,
web:swargate-bus-stand-time-table,html,Kurduwadi,"11:15, 12:00, 13:45, 14:00,","Yavat, Kurkumbh, Bhigvan, Indapur, Tembhurni",,
web:swargate-bus-stand-time-table,html,Kurundwad,"04:15, 05:15, 06:15, 07:15, 08:15, 12:05, 14:15, 15:50, 16:15, 22:45, 23:15(Sleeper Seater)","Satara, Karad, Kasegaon, Islampur, Sangli, Jaisingpur, Narsobachi Wadi / Narsobawadi",,
web:swargate-bus-stand-time-table,html,Latur,"5:45, 8:30, 9:30, 10:30, 11:15, 12:15, 15:45, 23:00, 23:45 (Sleeper Seater),","Kurkumbh, Bhigvan, Tembhurni, Kurduwadi, Barshi, Yedshi,",,
web:swargate-bus-stand-time-table,html,Lavasa,"7:00, 12:30,",–,,
web:swargate-bus-stand-time-table,html,Mahabaleshwar,"00:15, 5:30, 6:15, 7:30, 8:30, 9:00, 9:30, 10:15, 10:30, 11:15, 12:30, 13:00, 14:30, 14:45, 15:15, 16:45, 17:15, 19:45,","Katraj, Shivapur, Kapurhol, Shirwal, Wai, Panchgani, Lingmala",,
web:swargate-bus-stand-time-table,html,Mahad,"05:30, 06:00, 06:30, 07:00, 07:30, 07:45, 08:00, 09:00, 09:45, 10:15, 11:00, 11:30, 12:00, 13:00, 13:30, 14:15, 15:15, 16:30, 17:15, 21:00, 21:30, 22:00, 23:30, 24:00,",Mangaon,,
web:swargate-bus-stand-time-table,html,Makhajan,"09:50,",–,,
web:swargate-bus-stand-time-table,html,Malkapur,"10:05, 12:30, 13:15,","Katraj, Pargaon Khandala, Bhuinj, Sata Umbraj, Karad, Kokrud",,
web:swargate-bus-stand-time-table,html,Malvan,"6:15, 7:30, 10:20,1 19:30, 21:00,","Satara, Karad, Kolhapur, Rankala, Radhanagari, Phonda, Kankavali, Kasa",,
web:swargate-bus-stand-time-table,html,Mandangad,"9:00, 10:15, 15:15, 15:45, 17:15,","Chandani Chowk, Paud, Pirangut, Mul Mangaon, Lonere, Latvan, Pimploli,",,
web:swargate-bus-stand-time-table,html,Mandhardevi,"11:15,",–,,
web:swargate-bus-stand-time-table,html,Mangalwedha,"00:30,0 6:30, 07:30, 07:45, 08:30, 09:00, 09:15, 09:30, 09:45, 10:15, 10:30, 11:15, 14:30, 15:30, 16:30, 17:30, 18:30, 19:45, 21:30, 22:30, 23:30,","Saswad, Jejuri, Nira, Lonand, Phaltan, Natepuete, Malshiras, Pandharpur,",,
web:swargate-bus-stand-time-table,html,Mhaswad,"00:30, 1:00, 11:30, 12:00,","Satara, Koregaon, Pusegaon, Vaduj, Dahivadi, Gondwale,",,
web:swargate-bus-stand-time-table,html,Miraj,"5:30, 6:45, 8:30, 11:00, 13:45, 14:30, 15:30, 16:30,","Satara, Karad, Kasegaon, Islampur, Sangli,",,
web:swargate-bus-stand-time-table,html,Mulund,"10:30, 20:30,",–,,
web:swargate-bus-stand-time-table,html,Mumbai,"00:30, 1:00, 1:15, 1:45, 2:15, 2:30, 3:00, 7:45, 8:00, 9:30, 10:15, 11:15, 11:30, 12:00, 12:15, 12:45, 13:00, 13:30, 13:45, 14:00, 14:45, 14:30, 15:00, 15:30, 16:00, 16:30, 17:15, 18:15, 18:30, 19:30, 20:00, 20:30, 21:15, 22:30, 23:30,","Panvel, Kalamboli, Neurl, Vashi Highw Sion, Dadar",,
web:swargate-bus-stand-time-table,html,Murud Janjira,"6:00, 7:30, 8:30, 13:45,","Chinchwad, Nigadi, Dehu Road, Lonav Khopoli Fata, Pen, Wadkhal, Poynad, Alibag, Akshi, Bagmala, Chaul Naka, Revdanda Kashid",,
web:swargate-bus-stand-time-table,html,Mutha Kondhur,"18:15,",–,,
web:swargate-bus-stand-time-table,html,Nalasopara,"7:45(Shivshahi), 14:00, 15:00, 17:50,","Panvel, Nerul, Turbhe, Thane Railway Station",,
web:swargate-bus-stand-time-table,html,Narangwadi,"7:00, 23:00,",–,,
web:swargate-bus-stand-time-table,html,Nashik – Electric Shivai,"5:00, 6:00, 7:00, 8:00, 9:00, 11:00, 12:00,","New Shivaji Nagar Pune, Nashik Fata, Bhosari, Chakan, Nashik Road, Dwarka",,
web:swargate-bus-stand-time-table,html,Nilanga,"6:00, 8:00, 9:30, 11:30, 22:00,","Kurkumbh, Bhigvan, Tembhurni, Kurduwadi, Barshi, Yedshi, Latur, Ausa",,
web:swargate-bus-stand-time-table,html,Nira,"7:15, 8:15, 8:30, 8:45, 9:00,","Saswad, Jejuri",,
web:swargate-bus-stand-time-table,html,Palghar,"6:00, 7:00, 9:00, 10:00(via Kalyan), 10:45, 11:30, 24:00,","Panvel, Thane",,
web:swargate-bus-stand-time-table,html,Palus,"7:15, 7:45, 8:45, 9:30, 10:30, 11:15, 11:45, 15:30,","Satara, Karad",,
web:swargate-bus-stand-time-table,html,Pandharpur,"00:30 1:30, 2:30, 5:00 to 23:30 on Every 15 to 30 Minutes,","Saswad, Jejuri, Nira, Lonand, Phaltan, Natepute, Malshiras, Velapur,",,
web:swargate-bus-stand-time-table,html,Panjim – Goa,"5:15, 6:15, 16:45, 19:45, 21:45,","Satara, Karad, Kolhapur, Kankavli, Oras Kudal, Sawantwadi, Banda, Mhapsa",,
web:swargate-bus-stand-time-table,html,Panshet,"9:30, 12:30, 15:45, 16:00,",–,,
web:swargate-bus-stand-time-table,html,Paranda,"5:45, 7:00, 7:30, 8:45, 9:15, 11:15, 12:30, 14:30,","Yavat, Kurkumbh, Bhigvan, Rashin, Karmala",,
web:swargate-bus-stand-time-table,html,Patgaon,"10:00, 23:30,","Saswad, Jejuri, Nira, Lonand",,
web:swargate-bus-stand-time-table,html,Phaltan,"9:15, 9:45, 11:00, 12:00, 12:15, 13:15, 13:30, 14:45, 16:15, 20:30, 22:00,",,,
web:swargate-bus-stand-time-table,html,Poladpur,"8:30, 14:30, 15:30,","Wai, Panchgani, Mahabaleshwar",,
web:swargate-bus-stand-time-table,html,Pole,"15:45,",–,,
web:swargate-bus-stand-time-table,html,Radhanagari,"6:30, 7:15, 12:30, 13:30,","Satara, Karad, Kolhapur",,
web:swargate-bus-stand-time-table,html,Rajapur via Kokrud,"20:30,","Satara, Karad, Kokrud, Malkapur, Sakharpa, Nanij Math, Hatkhamba, Ratnagiri, Pawas, Purnagad, Adivare,",,
web:swargate-bus-stand-time-table,html,Rajapur via Malkapur,"21:00,","Satara, Karad, Kokrud, Malkapur, Sakharpa, Nanij Math, Pali, Lanja",,
web:swargate-bus-stand-time-table,html,Rajapur via Pachal,"6:15, 9:15,","Satara, Karad, Kolhapur, Rankala, Pach",,
web:swargate-bus-stand-time-table,html,Ratnagiri,"5:45, 7:45, 8:30, 10:30, 21:00, 21:15,","Satara, Kolhapur, Malkapur, Sakharpa, Nanij, Pali, Hatkhamba",,
web:swargate-bus-stand-time-table,html,Roha via Khopoli,"6:30 via Pali, 16:15,","Chinchwad, Nigadi, Dehu Road, Lonav Khopoli, Pali, Nagothane,",,
web:swargate-bus-stand-time-table,html,Roha via Tamhini,"10:45,","Vanaj, Pirangut, Paud, Tamhini",,
web:swargate-bus-stand-time-table,html,Sakharwadi,"18:00,",–,,
web:swargate-bus-stand-time-table,html,Sangli,"10:15, 10:45, 11:15, 12:00, 12:30, 14:00, 14:30,","Satara, Karad, Kasegaon, Islampur",,
web:swargate-bus-stand-time-table,html,Sangola,"5:30, 6:30, 7:00, 10:15, 11:00, 11:15, 11:45, 12:15, 13:00, 14:15, 16:15, 17:45, 22:30,","Saswad, Jejuri, Nira, Lonand, Phaltan, Natepuete, Malshiras, Pandharpur, Manjari",,
web:swargate-bus-stand-time-table,html,Sawantwadi,"4:15, 21:20(Banda),","Satara, Umbraj, Karad, Kolhapur, Kagal Nippani, Uttur, Ajara, Amboli,",,
web:swargate-bus-stand-time-table,html,Shahapur,"13:00, 17:00,","Panvel, Thane, Bhiwandi",,
web:swargate-bus-stand-time-table,html,Shivtharghal,"07:30,",–,,
web:swargate-bus-stand-time-table,html,Shrigonda,"5:45, 6:45, 7:45, 8:30, 9:00, 9:30, 10:30, 10:45, 11:15, 11:30, 12:00, 12:30, 13:00, 14:00, 14:30, 15:30, 18:00,","Hadapsar, Kashti",,
web:swargate-bus-stand-time-table,html,Shrivardhan,"6:15, 14:15 via Tamhini,","Vanaj, Pirangut, Paud, Tamhini, Mangaon, Lonere, Mhasala,",,
web:swargate-bus-stand-time-table,html,Solapur,"5:30 to 22:30 on Every 1Hr,","Indapur, Tembhurni, Mohol",,
web:swargate-bus-stand-time-table,html,Tandli,"16:00,",–,,
web:swargate-bus-stand-time-table,html,Tasgaon,"06:45, 07:15, 7:45, 08:15, 09:15, 10:30, 12:30, 14:15, 15:45, 17:30, 18:20, 22:00, 23:30,","Satara, Karad, Palus",,
web:swargate-bus-stand-time-table,html,Telbail,"15:30,",–,,
web:swargate-bus-stand-time-table,html,Thane,"00:30, 9:15, 11:15, 12:45, 13:00, 13:30, 16:30, 17:00, 17:30, 18:00, 18:30, 22:00, 22:30,","Panvel, Kalamboli, Kharghar, Nerul, Turbhe,",,
web:swargate-bus-stand-time-table,html,Tivare,"20:45,",via Satara,,
web:swargate-bus-stand-time-table,html,Tuljapur,"5:00, 6:15, 7:00, 8:15, 9:45, 10:30, 11:30, 12:30, 13:45, 14:15, 17:00, 20:00, 20:30, 21:30, 23:00, 24:00,","Kurkumbh, Bhigvan, Tembhurni, Mohol, Solapur",,
web:swargate-bus-stand-time-table,html,Umarga,"01:00, 6:30, 7:30, 8:30, 9:30, 10:00, 11:15, 11:45, 12:15, 13:30, 18:00, 20:00, 22:00, 23:00,","Indapur, Tembhurni, Mohol, Solapur, Naldurg, Jalkot",,
web:swargate-bus-stand-time-table,html,Vaduj,"7:15, 10:15, 11:15, 12:15, 12:45, 15:45, 16:00,",–,,
web:swargate-bus-stand-time-table,html,Vairag,"11:00,",–,,
web:swargate-bus-stand-time-table,html,Vasai,"8:00 (Shivshahi), 11:30, 13:30, 14:00, 18:00, 23:30,","Panvel, Thane Railway Station",,
web:swargate-bus-stand-time-table,html,Vasmat / Basmat,"6:00, 7:00,","Kurkumbh, Indapur, Tembhurni, Barsh Yermala, Kalamb, Ambajogai, Parali Vaijnath, Gangakhed, Parbhani, Zero Fata",,
web:swargate-bus-stand-time-table,html,Velas,"09:30,","Chandani Chowk, Paud, Pirangut, Mul Mangaon, Lonere, Pimploli, Mandanga",,
web:swargate-bus-stand-time-table,html,Vengurla,"8:30 (Shivshahi), 20:00,","Satara, Umbraj, Karad, Kolhapur, Rank Radhanagari, Phonda, Karul, Kankaval Sindhudurgnagari, Kudal",,
web:swargate-bus-stand-time-table,html,Vengurla via Ajara,"08:00,","Satara, Umbraj, Karad, Kolhapur, Ajara Nipani, Uttur, Ajara, Amboli, Sawantw",,
web:swargate-bus-stand-time-table,html,Vijapur,"7:45, 9:00, 9:45,",–,,
web:swargate-bus-stand-time-table,html,Vijaydurg,"5:45, 8:15,","Sarata, Karad, Kolhapur, Rankala, Kharepatan, Mukteshwar, Katradevi",,
web:swargate-bus-stand-time-table,html,Vinhere,"5:30, 8:00, 13:00,",–,,
web:swargate-bus-stand-time-table,html,Vita,"00:30, 6:15, 6:45, 7:15, 8:15, 9:15, 9:30, 11:15, 11:30, 12:45, 13:30, 14:15, 15:15, 16:15, 19:00,","Satara, Karad, Kadegaon, Kadepur",,
web:swargate-bus-stand-time-table,html,Wada,"5:30, 10:00, 11:15, 11:30,","Panvel, Thane, Bhiwandi",,
web:swargate-bus-stand-time-table,html,Wai,"6:00 to 21:00 on Every 30 Minutes,","Katraj, Shivapur, Kapurhol, Shirwal",,
web:swargate-bus-stand-time-table,html,Walchandnagar,"6:00, 7:00, 22:30,","Hadapsar, Saswad, Jejuri, Morgaon Ganapati, Baramati,",,
web:kurundwad-bus-stand-time-table,html,Pune,"6:00, 6:40, 8:00, 9:00, 12:30, 13:30, 14:00, 16:00, 17:00",,,
web:kurundwad-bus-stand-time-table,html,Nashik,7:10,,,
web:kurundwad-bus-stand-time-table,html,Sangli,"6:30, 7:90, 7:30, 6:40, 8:90, 8:30, 8:40, 9:30, 9:40, 9:44, 10:90, 10:30, 11:90, 12:00, 13:10, 13:80, 13:40, 18:00, 18:04, 18:30, 18:40, 14:95, 14:30, 14:40, 16:10, 16:40, 19:70, 19:40, 12:90, 19:40, 20:30",,,
web:kurundwad-bus-stand-time-table,html,Jaysingpur,"7:30, 10:40, 12:40, 13:90, 13:80, 13:40, 14:40, 16:10, 11:20, 11:35, 11:40, Jaysingpur Station – 6:85, 8:00, 18:40, 21:30, 10:30 Panaji",,,
web:kurundwad-bus-stand-time-table,html,Hupari,"6:30, 7:90, 7:80, 8:90, 8:40, 9:30, 10:00, 10:30, 11:90, 11:40, 12:30, 13:00, 13:80, 14:20, 16:00, 17:80, 18:20, 19:30",,,
web:kurundwad-bus-stand-time-table,html,Takali,"6:20 Ankiwat, 7:80 Ankiwat, 10:40 Dattawad, 12:00 Ankiwat, 12:20 Dattawad, 14:10 Ankiwat, 17:10 Ankiwat, 18:20 Dattawad, 20:10 Dattawad",,,
web:kurundwad-bus-stand-time-table,html,Kolhapur,"7:10, 8:04 Jaysingpur, 8:20, 8:40, 13:10, 18:00, 18:10 Jaysingpur, 14:10, 16:00, 17:10, 18:80",,,
web:kurundwad-bus-stand-time-table,html,Khidrapur,"8:04, 10:00, 11:30, 18:10, 18:40, 20:95",,,
web:kurundwad-bus-stand-time-table,html,Bastawad,"7:00, 8:35, 9:80, 12:00, 13:10, 17:20",,,
web:kurundwad-bus-stand-time-table,html,Danwad,"10:10, 11:30, 13:10 Ankiwat, 17:35, 20:30 Takaliwadi, 21:00 Dattawad",,,
web:kurundwad-bus-stand-time-table,html,Kagwad,"8:15 Ichalkaranji, 10:10, 11:40, 13:00, 13:40",,,
web:kurundwad-bus-stand-time-table,html,Alas,"7:20, 10:00, 12:00, 12:40, 11:80",,,
web:kurundwad-bus-stand-time-table,html,Miraj (via Krishnaghat),"18:00, 6:00, 7:80, 7:30, 6:00, 9:30, 10:00, 10:30, 11:00, 11:30, 12:00, 12:30, 13:00, 13:30, 18:00, 14:30, 14:00, 14:30, 16:00, 16:00, 17:80, 18:00, 18:30, 19:00, 19:30, 20:00, 20:30",,,
web:kurundwad-bus-stand-time-table,html,Chikodi,"6:00, 8:40, 10:34, 10:44, 12:10, 13:04, 18:04, 18:34, 14:20, 16:04, 17:04, 17:34, 18:34",,,
web:kurundwad-bus-stand-time-table,html,Ichalkaranji,"6:40 (Shirdhon), 9:30, 10:10, 11:40, 18:30, 17:30, 19:20",,,
